Brand,Product_Name,Former_Price,Current_Price,Discount
Ray-Ban,RB7047,,176.0,
Oakley,Plank 2.0,,187.0,
,,,,
Oakley,Socket 5.5,,227.0,
Oakley,Holbrook RX,,187.0,
Oakley,Wheel House,,242.0,
Ray-Ban,RB8908,,276.0,
Ray-Ban,RB7229,222.0,155.4,30%
Oakley,Pitchman R Carbon - Alternate Fit,,297.0,
Ray-Ban,RB6645,,210.0,
Ray-Ban,RB7260,,210.0,
Ray-Ban,RB5154 Clubmaster,,222.0,
Persol,PO3189V,342.0,171.0,50%
Burberry,BE2315,266.0,133.0,50%
Persol,PO3297V,,342.0,
Versace,VE1285,300.0,210.0,30%
Gucci,GG1340O,305.0,259.25,15%
Gucci,GG1221O,605.0,514.25,15%
Kate Spade,Charlee,245.0,171.5,30%
Kate Spade,Lucyann,230.0,161.0,30%
Burberry,BE2417,327.0,228.9,30%
Dolce & Gabbana,DG3415,335.0,234.5,30%
Versace,VE3373U,316.0,221.2,30%
RALPH by Ralph Lauren,RA7158U,141.0,98.7,30%
Ray-Ban,RB7140,,237.0,
Ray-Ban,RB6355,,237.0,
Ralph Lauren,RA7147,141.0,98.7,30%
,,,,
Emporio Armani,EA1170,183.0,128.1,30%
Polo,PH2083,201.0,140.7,30%
Ray-Ban,RB7066,,176.0,
Oakley,Hyperlink,,187.0,
Oakley,Pitchman - Alternate Fit,,255.0,
Ray-Ban,RB7074,,176.0,
Oakley,Hyperlink - Alternate Fit,,187.0,
Oakley,Crosslink Zero,,187.0,
Oakley,Pitchman R,241.0,168.7,30%
Oakley,Wingfold EVR,,318.0,
Oakley,Wingfold EVS,,318.0,
Oakley,Crosslink Zero - Alternate Fit,,187.0,
Ray-Ban,RB3547V Oval,,210.0,
Ray-Ban,RB5356,,222.0,
Ray-Ban,RB6363,,210.0,
Oakley,Limit Switch,,318.0,
Oakley,Socket 5,,227.0,
Oakley,Steel Line S,193.0,96.5,50%
Oakley,Marshal MNP (TruBridge),,242.0,
Ray-Ban,RB5198,277.0,193.9,30%
Ray-Ban,RB8416,,276.0,
Ray-Ban,RB8903,,276.0,
Oakley,Steel Plate,,255.0,
Ray-Ban,RB6396,,222.0,
,,,,
Ray-Ban,RB6397,178.0,89.0,50%
Ray-Ban,RB6489,,210.0,
Ray-Ban,RB8953,223.0,111.5,50%
Ray-Ban,RB8954,223.0,156.1,30%
Oakley,Limit Switch 0.5,,318.0,
Oakley,Gauge 3.1,318.0,222.6,30%
Oakley,Crosslink Youth - Alternate Fit,172.0,137.6,20%
Ray-Ban,RB4340V Wayfarer Ease,,210.0,
Ray-Ban,RB6375,,189.0,
Oakley,Surface Plate,,318.0,
Oakley,Gauge 3.2 Blade,,318.0,
Oakley,Gauge 7.2 Arch (TruBridge),213.0,106.5,50%
Oakley,Fuller,,242.0,
Oakley,Pommel,228.0,159.6,30%
Ray-Ban,RB3582V Round Metal II,,210.0,
Ray-Ban,RB7159,,222.0,
Ray-Ban,RB8955,223.0,111.5,50%
Oakley,Sunder,280.0,196.0,30%
Oakley,Base Plane,,255.0,
Oakley,Chamfer Squared (TruBridge),,242.0,
Oakley,Crosslink Fit - Alternate Fit,,276.0,
Ray-Ban,RB5362,,237.0,
Ray-Ban,RB6414,,189.0,
Ray-Ban,RB7144,,249.0,
,,,,
Ray-Ban,RB8755,,317.0,
Ray-Ban,RB6421,,210.0,
Ray-Ban,RB7153,143.0,71.5,50%
Ray-Ban,RB8757,263.0,184.1,30%
Oakley,Cathode,,227.0,
Oakley,Latch TI,353.0,176.5,50%
Oakley,Cartridge,,318.0,
Oakley,Litebeam (Trubridge),,187.0,
Oakley,Pitchman R Carbon,,297.0,
Ray-Ban,RB3947V - Round Gaze,,210.0,
Oakley,Diecutter RX,199.0,99.5,50%
Ray-Ban,RB5387,,176.0,
Ray-Ban,RB6428,,210.0,
Ray-Ban,RB5296D,,220.0,
Ray-Ban,RB3648V The Marshal,,222.0,
Ray-Ban,RB6434,,210.0,
Oakley,Metalink,,255.0,
Oakley,Plungeline,,187.0,
Oakley,Alias,,187.0,
Oakley,Deadbolt - Ahyris Collection,387.0,270.9,30%
Ray-Ban,RB1971V Icons,179.0,89.5,50%
Ray-Ban,RB3716VM Clubmaster Metal,,237.0,
Ray-Ban,RB5375,,222.0,
,,,,
Ray-Ban,RB6441,,210.0,
Oakley,Top Spinner 4B,,172.0,
Oakley,Tie Bar 0.5,,387.0,
Oakley,Stagebeam,199.0,99.5,50%
Ray-Ban,RB5383,,222.0,
Ray-Ban,RB5383F - Alternate Fit,191.0,133.7,30%
Ray-Ban,RB6444,176.0,123.2,30%
Ray-Ban,RB6448,,210.0,
Ray-Ban,RB1969V,177.0,88.5,50%
Ray-Ban,RB3857V Frank,,210.0,
Ray-Ban,RB6519,189.0,94.5,50%
Ray-Ban,RB7177,,176.0,
Oakley,Wingback Sq,,318.0,
Ray-Ban,RB3447VM,,210.0,
Ray-Ban,RB7144M,,290.0,
Ray-Ban,RB8416M,,237.0,
Ray-Ban,RB5393,,188.0,
Oakley,Activate - Alternate Fit,,215.0,
Oakley,Centerboard,,187.0,
Oakley,Port Bow,,187.0,
Ray-Ban,RB2180V,170.0,85.0,50%
Ray-Ban,RB6465 Jack,,210.0,
Ray-Ban,RB6465F Jack - Alternate Fit,198.0,138.6,30%
,,,,
Ray-Ban,RB7185,,162.0,
Ray-Ban,RB7185F - Alternate Fit,153.0,107.1,30%
Ray-Ban,RB8766,,263.0,
Oakley,Activate,,227.0,
Oakley,Crosslink - Alternate Fit,,187.0,
Oakley,Top Spinner 5B,,172.0,
Oakley,Fuel Line,183.0,91.5,50%
Oakley,Leadline RX,205.0,102.5,50%
Oakley,Seller,318.0,222.6,30%
Oakley,Spindrift RX,,227.0,
Oakley,Tensile,,297.0,
Oakley,Trajectory,,297.0,
Oakley,Volt Drop,227.0,158.9,30%
Oakley,Wire Tap 2.0 RX,,387.0,
Ray-Ban,RB5395,,210.0,
Ray-Ban,RB5398,,210.0,
Ray-Ban,RB5486,198.0,138.6,30%
Ray-Ban,RB6466,,222.0,
Ray-Ban,RB7190,,162.0,
Ray-Ban,RB7192M,,216.0,
Ray-Ban,RB7244,178.0,89.0,50%
Ray-Ban,RB8247V,,479.0,
Oakley,Extender,,208.0,
Oakley,Hex Jector (TruBridge),,187.0,
,,,,
Oakley,Hex Jector - Alternate Fit (TruBridge),,187.0,
Oakley,Moon Shot,365.0,182.5,50%
Oakley,Ojector RX,,208.0,
Oakley,Sobriquet,365.0,182.5,50%
Oakley,NXTLVL,,242.0,
Ray-Ban,RX3681V,,153.0,
Ray-Ban,RB3957V - Julie,188.0,94.0,50%
Ray-Ban,RB3958V,179.0,125.3,30%
Ray-Ban,RX5398F - Alternate Fit,,198.0,
Ray-Ban,RB5499 - Lady Burbank,,222.0,
Ray-Ban,RX7199,,249.0,
Ray-Ban,RB3625V - New Aviator Optics,,222.0,
Ray-Ban,RB3636V - New Caravan Optics,,222.0,
Ray-Ban,RB3637V - New Round Optics,,210.0,
Ray-Ban,RB5406,,189.0,
Oakley,Exchange,,242.0,
Ray-Ban,RB4378V,,176.0,
Ray-Ban,RB5397 - Elliot Optics,,210.0,
Ray-Ban,RB6472,,198.0,
Ray-Ban,RB7205M - Scuderia Ferrari Collection,,235.0,
Ray-Ban,RB8148V - Hexagonal Titanium,452.0,316.4,30%
Ray-Ban,RB8421,,276.0,
Oakley,Admission,,187.0,
Oakley,Dagger Board,208.0,145.6,30%
,,,,
Oakley,Futurity,,227.0,
Oakley,Socket TI,,318.0,
Ray-Ban,RB3698VM,,261.0,
Ray-Ban,RB5397F - Elliot Optics Alternate Fit,,210.0,
Oakley,Centerboard - Alternate Fit,,187.0,
Oakley,CTRLNK,,242.0,
Oakley,Draw Up,,227.0,
Oakley,Sway Bar,,387.0,
Oakley,The Cut,,172.0,
Ray-Ban,RB3694V - Jim Optics,,210.0,
Ray-Ban,RB5428,,222.0,
Ray-Ban,RB6485,,189.0,
Ray-Ban,RB7208,,249.0,
Ray-Ban,RB7211,,189.0,
Ray-Ban,RB7213M - Scuderia Ferrari Collection,,300.0,
Ray-Ban,RB7216 - New Clubmaster Optics,,222.0,
Ray-Ban,RB0707V,210.0,147.0,30%
Ray-Ban,RB8327VM,,325.0,
Ray-Ban,RB4487V,,176.0,
Ray-Ban,RB6498,198.0,99.0,50%
Ray-Ban,RB7210,222.0,155.4,30%
Ray-Ban,RB0316V,,222.0,
Ray-Ban,RB0840V,,222.0,
,,,,
Ray-Ban,RB1549,,122.0,
Ray-Ban,RB1621,,87.0,
Oakley,Moonglow,,208.0,
Oakley,Coupler,,242.0,
Oakley,Overhead,,172.0,
Oakley,Plazlink,,242.0,
Oakley,Holbrook TI,387.0,270.9,30%
Oakley,Holbrook Low Bridge Fit,,187.0,
Oakley,HSTN,,208.0,
Oakley,HSTN Low Bridge Fit,,187.0,
Oakley,Sway Bar 0.5,285.0,142.5,50%
Ray-Ban,RB3717 Optics,,222.0,
Ray-Ban,RB5417 Optics,,210.0,
Ray-Ban,RB5418 Optics,,210.0,
Ray-Ban,RB6494 Optics,,237.0,
Ray-Ban,RB6496 Optics,,210.0,
Ray-Ban,RB6507M Optics Scuderia Ferrari Collection,249.0,174.3,30%
Ray-Ban,RB7214 Gina Optics,210.0,147.0,30%
Ray-Ban,RB7215 Erik Optics,222.0,155.4,30%
Ray-Ban,RB7217 Chad Optics Bio-Based,,189.0,
Ray-Ban,RB7217F Chad Optics Bio-Based,189.0,94.5,50%
Ray-Ban,RB7218 Kristin Optics Bio-Based,178.0,124.6,30%
Ray-Ban,RB8422 Optics,,276.0,
Ray-Ban,RB6497,198.0,138.6,30%
,,,,
Ray-Ban,RB7222M,,235.0,
Ray-Ban,RB6497 Optics,198.0,138.6,30%
Oakley,Knolls,,187.0,
Oakley,BMNG,,242.0,
Oakley,Rafter,,172.0,
Ray-Ban,RB0298V,,222.0,
Ray-Ban,RB5421,,210.0,
Ray-Ban,RB5422,,210.0,
Ray-Ban,RB6510,,210.0,
Ray-Ban,RB7225,189.0,132.3,30%
Ray-Ban,RB7226,189.0,132.3,30%
Ray-Ban,RB7227,189.0,132.3,30%
Ray-Ban,RB7232M - Scuderia Ferrari Collection,,237.0,
Ray-Ban,RB3765V,222.0,155.4,30%
Ray-Ban,RB0298VF,222.0,111.0,50%
Ray-Ban,RB7228,,189.0,
Ray-Ban,RB7230,,249.0,
Ray-Ban,RB6511,223.0,156.1,30%
Ray-Ban,RB6512,222.0,155.4,30%
Ray-Ban,RB6513,,249.0,
Ray-Ban,RB6516M - Scuderia Ferrari Collection,,290.0,
Oakley,Contrail TI,,387.0,
Oakley,Addams,,227.0,
,,,,
Oakley,Cognitive,,442.0,
Oakley,Bat Flip,,187.0,
Oakley,Cognitive R,,442.0,
Oakley,Dehaven (Low Bridge Fit),,242.0,
Oakley,Exchange R,,242.0,
Oakley,Hip Tone,,227.0,
Oakley,Voon,,227.0,
Ray-Ban,RB2210V,,189.0,
Ray-Ban,RB2241V,,210.0,
Ray-Ban,RB2242V,,198.0,
Ray-Ban,RB3734V,,189.0,
Ray-Ban,RB3735V,,210.0,
Ray-Ban,RB5430,,210.0,
Ray-Ban,RB7238,,176.0,
Ray-Ban,RB7327,176.0,123.2,30
Ray-Ban,RB7330,,176.0,
Ray-Ban,RB6343,179.0,89.5,50
Ray-Ban,RB6377,188.0,94.0,50
Ray-Ban,RB7075,154.0,77.0,50
Ray-Ban,RB5242,191.0,95.5,50
Oakley,Pitchman (Low Bridge Fit),,255.0,
Oakley,Double Down,,242.0,
Oakley,Enigma Ink,,255.0,
Oakley,Frogskins (Low Bridge Fit),,172.0,
,,,,
Oakley,Addams 0.5,,227.0,
Ray-Ban,RB3746V,,210.0,
Ray-Ban,RB3749V,,210.0,
Ray-Ban,RB3751V,,189.0,
Ray-Ban,RB3807VM,,317.0,
Ray-Ban,RB5431,,210.0,
Ray-Ban,RB5431F,,210.0,
Ray-Ban,RB5435,,189.0,
Ray-Ban,RB5435F,,189.0,
Ray-Ban,RB5489,,210.0,
Ray-Ban,RB5489F,,210.0,
Ray-Ban,RB5586,,222.0,
Ray-Ban,RB6529,,189.0,
Ray-Ban,RB6545,,210.0,
Ray-Ban,RB7316V,,249.0,
Ray-Ban,RB7840V,,249.0,
Ray-Ban,RB0707VM,249.0,124.5,50
Ray-Ban,RB6499,198.0,99.0,50
Ray-Ban,RB8237V,452.0,226.0,50
Ray-Ban,RB8258V,452.0,226.0,50
Ray-Ban,RB8265V,452.0,226.0,50
Oakley,Dissipate (Low Bridge Fit),,227.0,
Oakley,Ingress,,227.0,
Oakley,Kylian Mbappe Signature Series HSTN (Low Bridge Fit),,208.0,
,,,,
Oakley,Metal Plate TI,,318.0,
Ray-Ban,RB7239,,176.0,
Ray-Ban,RB7239F,,176.0,
Ray-Ban,RB5398F,,198.0,
Ray-Ban,RB8794,,479.0,
Ray-Ban,RB7680V,,344.0,
Ray-Ban,RB7216F,,222.0,
Ray-Ban,RB3681V,,153.0,
Ray-Ban,RB3717V,,222.0,
Ray-Ban,RB5419,,261.0,
Ray-Ban,RB6487,,189.0,
Ray-Ban,RB6509,,198.0,
Ray-Ban,RB6518,,249.0,
Ray-Ban,RB7199,,235.0,
Ray-Ban,RB7235,,249.0,
Ray-Ban,RB3447V,,210.0,
Ray-Ban,RB3758V,,176.0,
Ray-Ban,RB3875V,,222.0,
Ray-Ban,RB5440,,189.0,
Ray-Ban,RB5441,,189.0,
Ray-Ban,RB5510 - Skyler Optics,,210.0,
Ray-Ban,RB7255,,237.0,
Ray-Ban,RB7256,,210.0,
Ray-Ban,RB7258,,176.0,
,,,,
Oakley,Burrow,,442.0,
Oakley,Enigma Mass,,255.0,
Oakley,Foil RQ,,163.0,
Oakley,Slender,,297.0,
Oakley,Upturn,,215.0,
Ray-Ban,RB6495,223.0,156.1,30
Ray-Ban,RB7215F,210.0,147.0,30
Ray-Ban,RB7225F,178.0,124.6,30
Ray-Ban,RB8165V,452.0,316.4,30
Ray-Ban,RB5341,175.0,87.5,50
Oakley,Admission (Low Bridge Fit),,176.0,
Oakley,Dehaven,,242.0,
Ray-Ban,RB2241VF,,210.0,
Ray-Ban,RB3732V,,189.0,
Ray-Ban,RB3733V,,189.0,
Ray-Ban,RB5017A,,210.0,
Ray-Ban,RB5418F,,198.0,
Ray-Ban,RB5421F,,210.0,
Ray-Ban,RB5429,,210.0,
Ray-Ban,RB5430F,,210.0,
Ray-Ban,RB5433,,178.0,
Ray-Ban,RB6486,249.0,124.5,50
Ray-Ban,RB6520,,198.0,
Ray-Ban,RB6528,,176.0,
,,,,
Ray-Ban,RB7231M - Scuderia Ferrari Collection,237.0,118.5,50
Ray-Ban,RB7238F,,166.0,
Ray-Ban,RB7240M - Scuderia Ferrari Collection,,249.0,
Ray-Ban,RB7681V,,325.0,
Ray-Ban,RB8782,,479.0,
Ray-Ban,RB8789,,479.0,
Ray-Ban,RB5315D,207.0,144.9,30
Ray-Ban,RB6348D,182.0,127.4,30
Ray-Ban,RB7022,154.0,107.8,30
Ray-Ban,RB7085,143.0,100.1,30
Ray-Ban,RB7214F,210.0,147.0,30
Ray-Ban,RB8762D,212.0,148.4,30
Ray-Ban,RB2242VF,,198.0,
Ray-Ban,RB5406F,,178.0,
Ray-Ban,RB5422F,,198.0,
Ray-Ban,RB6281D,,207.0,
Ray-Ban,RB6594M - Scuderia Ferrari Collection,,274.0,
Ray-Ban,RB7168D,,207.0,
Ray-Ban,RB7307M,274.0,137.0,50
Ray-Ban,RB7330F,,166.0,
Ray-Ban,RB3925V,222.0,155.4,30
Ray-Ban,RB5445,,186.0,
Ray-Ban,RB5445F,,186.0,
,,,,
Ray-Ban,RB5446,,186.0,
Ray-Ban,RB5446F,,186.0,
Ray-Ban,RB5449D,,210.0,
Ray-Ban,RB6647,,210.0,
Ray-Ban,RB8780D,,276.0,
Ray-Ban,RB8781D,,249.0,
Ray-Ban,RB8783D,,249.0,
Ray-Ban,RB5344D,261.0,130.5,50
Ray-Ban,RB5416D,247.0,123.5,50
Ray-Ban,RB6284,210.0,105.0,50
Ray-Ban,RB6471L,142.0,71.0,50
Ray-Ban,RB6482D,236.0,118.0,50
Ray-Ban,RB7021,176.0,88.0,50
Ray-Ban,RB7023,222.0,111.0,50
Ray-Ban,RB8772D,311.0,155.5,50
Ray-Ban,RB8773D,345.0,172.5,50
Ray-Ban,RB8775D,277.0,138.5,50
Ray-Ban,RB6480M-Scuderia Ferrari Collection,300.0,150.0,50
Ray-Ban,RB5283,210.0,105.0,50
Ray-Ban,RB5279,,222.0,
Ray-Ban,RB5277,,186.0,
Ray-Ban,RB5285,,222.0,
,,,,
Ray-Ban,RB6238,,222.0,
Oakley,Persuasive,183.0,128.1,30
Ray-Ban,RB5286,,222.0,
Ray-Ban,RB7017,,222.0,
Ray-Ban,RB8412,,276.0,
Oakley,Bottle Rocket 4.0,,276.0,
Ray-Ban,RB5114,,189.0,
Oakley,Metal Plate,,346.0,
Ray-Ban,RB5169,,186.0,
Ray-Ban,RB5206,,210.0,
Ray-Ban,RB5228,,222.0,
Oakley,Clubface,,276.0,
Oakley,Rhinochaser,,276.0,
Ray-Ban,RB5245,,210.0,
Oakley,Tumbleweed,,255.0,
Oakley,Currency,,276.0,
Burberry,BE2172,327.0,228.9,30
Gucci,GG0025O,370.0,314.5,15
Versace,VE1218,286.0,200.2,30
Versace,VE3186,286.0,200.2,30
Burberry,BE1268,249.0,174.3,30
Persol,PO9714VM - Folding,,422.0,
Persol,PO3092V,,333.0,
,,,,
Burberry,BE1282,311.0,217.7,30
Burberry,BE2201,265.0,185.5,30
Burberry,BE2205,311.0,217.7,30
Versace,VE1233Q,316.0,221.2,30
Versace,VE3218,270.0,135.0,50
Versace,VE3220,245.0,122.5,50
Burberry,BE1289,264.0,132.0,50
Persol,PO3143V,,333.0,
Persol,PO3146V,260.0,130.0,50
Burberry,BE2232,320.0,160.0,50
Dolce & Gabbana,DG3258,306.0,214.2,30
Burberry,BE1308,290.0,145.0,50
Burberry,BE2242,265.0,132.5,50
Burberry,BE2247,290.0,145.0,50
Dolce & Gabbana,DG1290,316.0,158.0,50
Dolce & Gabbana,DG3268,320.0,224.0,30
Gucci,GG0011O,460.0,391.0,15
Gucci,GG0013O,500.0,425.0,15
Gucci,GG0026O,370.0,314.5,15
Gucci,GG0027O,370.0,314.5,15
Versace,VE1244,295.0,147.5,50
Versace,VE3242A,346.0,242.2,30
Gucci,GG0093O,370.0,314.5,15
Gucci,GG0131O,560.0,476.0,15
,,,,
Kate Spade,Glorianne,245.0,171.5,30
Burberry,BE2255Q,358.0,250.6,30
Burberry,BE2255QF - Alternate Fit,321.0,160.5,50
Versace,VE1247,346.0,242.2,30
Dolce & Gabbana,DG5025,306.0,214.2,30
Gucci,GG0121O,370.0,314.5,15
Versace,VE3251B,310.0,155.0,50
Dolce & Gabbana,DG5026,306.0,214.2,30
Dolce & Gabbana,DG5027,280.0,140.0,50
Gucci,GG0184O,500.0,425.0,15
Gucci,GG0241O,680.0,476.0,30
Gucci,GG0278O,465.0,395.25,15
Burberry,BE1323,327.0,228.9,30
Dolce & Gabbana,DG5031,335.0,234.5,30
Versace,VE3255,270.0,135.0,50
Gucci,GG0329O,460.0,230.0,50
Gucci,GG0343O,465.0,395.25,15
Burberry,BE2280,327.0,228.9,30
Dolce & Gabbana,DG5036,335.0,234.5,30
Versace,VE3261,251.0,125.5,50
Gucci,GG0297OK - Alternate Fit,560.0,476.0,15
Gucci,GG0383O,490.0,416.5,15
Gucci,GG0385OA - Alternate Fit,445.0,378.25,15
,,,,
Gucci,GG0399O,590.0,413.0,30
Gucci,GG0424O,465.0,395.25,15
Versace,VE1255B,304.0,152.0,50
Gucci,GG0396O,560.0,476.0,15
Dolce & Gabbana,DG3305,411.0,287.7,30
Dolce & Gabbana,DG3308,335.0,234.5,30
Dolce & Gabbana,DG1309,300.0,210.0,30
Dolce & Gabbana,DG5044,261.0,182.7,30
Versace,VE3274B,346.0,242.2,30
Burberry,BE1337,275.0,137.5,50
Burberry,BE2291,321.0,160.5,50
Burberry,BE2306,248.0,124.0,50
Persol,PO2460V,,363.0,
Persol,PO3218V,,348.0,
Gucci,GG0548O,430.0,301.0,30
Gucci,GG0550O,405.0,344.25,15
Gucci,GG0605O,680.0,476.0,30
Persol,PO3007VM,,348.0,
Burberry,BE1340,275.0,137.5,50
Burberry,BE1341,275.0,137.5,50
Burberry,BE2311,275.0,137.5,50
Dolce & Gabbana,DG1323,306.0,214.2,30
Versace,VE1264,286.0,200.2,30
,,,,
Versace,VE1266,304.0,152.0,50
Kate Spade,Bendall,250.0,175.0,30
Kate Spade,Gabriella,255.0,178.5,30
Kate Spade,Hadlee,250.0,175.0,30
Kate Spade,Lowri/F - Alternate Fit,250.0,175.0,30
Gucci,GG0634O,305.0,259.25,15
Gucci,GG0681O,560.0,476.0,15
Gucci,GG0692O,465.0,395.25,15
Burberry,BE1343,275.0,137.5,50
Burberry,BE1344,293.0,146.5,50
Burberry,BE2316,275.0,137.5,50
Burberry,BE2317,275.0,137.5,50
Burberry,BE2318,266.0,133.0,50
Burberry,BE2318F - Alternate Fit,266.0,133.0,50
Burberry,BE2319,275.0,137.5,50
Dolce & Gabbana,DG3325,326.0,163.0,50
Dolce & Gabbana,DG5053,252.0,126.0,50
Versace,VE3282,278.0,139.0,50
Versace,VE3283,278.0,139.0,50
Versace,VE3284B,304.0,152.0,50
Versace,VE3285,283.0,141.5,50
Persol,PO5002VT,420.0,210.0,50
Kate Spade,Arabel,240.0,168.0,30
Kate Spade,Tana/G,250.0,175.0,30
,,,,
Gucci,GG0718O,500.0,425.0,15
Gucci,GG0737O,500.0,425.0,15
Gucci,GG0738O,500.0,425.0,15
Gucci,GG0749O,305.0,259.25,15
Gucci,GG0752O,465.0,395.25,15
Kate Spade,Eliana/G,255.0,178.5,30
Gucci,GG0750O,400.0,340.0,15
Gucci,GG0756OA - Alternate Fit,500.0,425.0,15
Kate Spade,Cailye,240.0,168.0,30
Kate Spade,Izabel/G,250.0,175.0,30
Burberry,BE1348,327.0,228.9,30
Burberry,BE2323,275.0,137.5,50
Versace,VE3286,283.0,141.5,50
Burberry,BE2325F - Alternate Fit,266.0,133.0,50
Burberry,BE1347,293.0,146.5,50
Burberry,BE1350,293.0,146.5,50
Burberry,BE2333,293.0,146.5,50
Burberry,BE2334 Elm,296.0,207.2,30
Burberry,BE2334F Elm - Alternate fit,296.0,207.2,30
Dolce & Gabbana,DG3329,303.0,151.5,50
Dolce & Gabbana,DG3334,377.0,263.9,30
Versace,VE1271,286.0,200.2,30
Versace,VE1272,278.0,139.0,50
Versace,VE3288,310.0,155.0,50
,,,,
Versace,VE3293,286.0,200.2,30
Kate Spade,Marnie,240.0,168.0,30
Kate Spade,Raelynn,230.0,161.0,30
Gucci,GG0819OA - Alternate Fit,575.0,488.75,15
Gucci,GG0799O,475.0,403.75,15
Gucci,GG0826O,460.0,322.0,30
Gucci,GG0833O,560.0,476.0,15
Kate Spade,Valencia/G,250.0,175.0,30
Persol,PO2478V,327.0,163.5,50
Persol,PO3253V,342.0,171.0,50
Persol,PO3263V,,363.0,
Persol,PO3267V,,273.0,
Kate Spade,Audrina/G,250.0,175.0,30
Kate Spade,Ayla,255.0,178.5,30
Kate Spade,Emmalee,245.0,171.5,30
Kate Spade,Hermione/G,230.0,161.0,30
Kate Spade,Joliet,230.0,161.0,30
Kate Spade,Taya,240.0,168.0,30
Burberry,BE1354 Martha,321.0,224.7,30
Burberry,BE1355,327.0,228.9,30
Burberry,BE2331,293.0,146.5,50
Burberry,BE2332,293.0,146.5,50
Burberry,BE2332F - Alternate Fit,293.0,146.5,50
Burberry,BE2336,321.0,160.5,50
,,,,
Burberry,BE2338,293.0,146.5,50
Burberry,BE2338F - Alternate Fit,293.0,146.5,50
Burberry,BE2339 Harrington,327.0,228.9,30
Burberry,BE2340 Bolton,296.0,207.2,30
Dolce & Gabbana,DG1333,326.0,163.0,50
Dolce & Gabbana,DG1337,352.0,176.0,50
Dolce & Gabbana,DG5062,219.0,109.5,50
Dolce & Gabbana,DG5066,248.0,124.0,50
Dolce & Gabbana,DG5071,274.0,137.0,50
Versace,VE1269,376.0,263.2,30
Versace,VE1274,316.0,221.2,30
Versace,VE1275,286.0,200.2,30
Versace,VE3292,310.0,155.0,50
Versace,VE3294,300.0,210.0,30
Versace,VE3294F - Alternate Fit,270.0,189.0,30
Versace,VE3298B,316.0,221.2,30
Kate Spade,Bari,175.0,122.5,30
Kate Spade,Laval,250.0,175.0,30
Kate Spade,Massy,175.0,122.5,30
Kate Spade,Paris,175.0,122.5,30
Kate Spade,Tahlia,175.0,122.5,30
Persol,PO5005VT,420.0,210.0,50
Gucci,GG0942O,460.0,322.0,30
Gucci,GG0934OA,500.0,425.0,15
,,,,
Gucci,GG0968O,500.0,350.0,30
Gucci,GG0958O,415.0,352.75,15
Kate Spade,Gael,250.0,175.0,30
Kate Spade,Reilly/G,250.0,175.0,30
Kate Spade,Seline,255.0,178.5,30
Burberry,BE1361 - Charley,321.0,160.5,50
Burberry,BE2344 - Edison,327.0,228.9,30
Burberry,BE2345 - Caroline,296.0,207.2,30
Burberry,BE2347 - Evelyn,327.0,228.9,30
Burberry,BE2348 - Sally,293.0,146.5,50
Dolce & Gabbana,DG1338,352.0,176.0,50
Dolce & Gabbana,DG5072,248.0,124.0,50
Dolce & Gabbana,DG5076,261.0,182.7,30
Dolce & Gabbana,DG5078,274.0,191.8,30
Versace,VE3303,286.0,200.2,30
Versace,VE3306F - Alternate Fit,256.0,128.0,50
Persol,PO2486V,370.0,185.0,50
Persol,PO2488V,354.0,177.0,50
Persol,PO3275V,,348.0,
Persol,PO3277V,286.0,143.0,50
Persol,PO3278V,286.0,143.0,50
Kate Spade,Darcie,205.0,143.5,30
Gucci,GG0927O,385.0,327.25,15
Gucci,GG0964O,415.0,290.5,30
,,,,
Gucci,GG1012O,465.0,395.25,15
Gucci,GG1044O,500.0,425.0,15
Gucci,GG0004ON,385.0,269.5,30
Gucci,GG0038ON,465.0,395.25,15
Gucci,GG0165ON,400.0,340.0,15
Gucci,GG0560ON,490.0,416.5,15
Gucci,GG0566ON,490.0,343.0,30
Kate Spade,Chantelle,205.0,143.5,30
Kate Spade,Davina,245.0,171.5,30
Kate Spade,Emelyn,250.0,175.0,30
Kate Spade,Hazen,245.0,171.5,30
Kate Spade,Ivie,250.0,175.0,30
Kate Spade,Ninna/G,245.0,171.5,30
Kate Spade,Zeena/G,250.0,175.0,30
Burberry,BE1360 - York,293.0,146.5,50
Burberry,BE1362 - Alma,321.0,160.5,50
Dolce & Gabbana,DG3337,300.0,210.0,30
Dolce & Gabbana,DG3342,316.0,158.0,50
Dolce & Gabbana,DG3343,316.0,158.0,50
Dolce & Gabbana,DG3346,343.0,171.5,50
Dolce & Gabbana,DG5077,261.0,130.5,50
Versace,VE3304,286.0,200.2,30
Versace,VE3309,286.0,200.2,30
Versace,VE3311,283.0,141.5,50
,,,,
Kate Spade,Pia,175.0,122.5,30
Burberry,BE2353,279.0,139.5,50
Burberry,BE2355,321.0,160.5,50
Burberry,BE2357,296.0,207.2,30
Dolce & Gabbana,DG3349,335.0,234.5,30
Versace,VE1279,316.0,221.2,30
Versace,VE3313,283.0,141.5,50
Dolce & Gabbana,DG3347,306.0,214.2,30
Gucci,GG1075OA - Alternate Fit,460.0,322.0,30
Gucci,GG1075O,460.0,322.0,30
Burberry,BE1367,309.0,154.5,50
Burberry,BE2354,293.0,146.5,50
Dolce & Gabbana,DG1340,316.0,158.0,50
Dolce & Gabbana,DG5084,261.0,130.5,50
Persol,PO3286V,314.0,157.0,50
Versace,VE1283,346.0,242.2,30
Versace,VE3313F - Alternate Fit,283.0,141.5,50
Versace,VE3320U,346.0,242.2,30
Kate Spade,Aila,175.0,122.5,30
Kate Spade,Dora,175.0,122.5,30
Kate Spade,Flavia,250.0,175.0,30
Kate Spade,Ilana,250.0,175.0,30
Kate Spade,Lida/G,250.0,175.0,30
Kate Spade,Renne,245.0,171.5,30
,,,,
Kate Spade,Talulah,225.0,157.5,30
Kate Spade,Verna,245.0,171.5,30
Kate Spade,Wanda,195.0,136.5,30
Kate Spade,Zahra,230.0,161.0,30
Gucci,GG1082O,545.0,463.25,15
Burberry,BE2359,327.0,228.9,30
Dolce & Gabbana,DG1341B,343.0,171.5,50
Persol,PO3283V,342.0,171.0,50
Persol,PO3292V,370.0,185.0,50
Dolce & Gabbana,DG3352,306.0,214.2,30
Dolce & Gabbana,DG3354,335.0,234.5,30
Burberry,BE2358 - Isabella,266.0,133.0,50
Gucci,GG1120O,370.0,314.5,15
Gucci,GG1138O,385.0,327.25,15
Gucci,GG1144O,500.0,425.0,15
Gucci,GG1157O,460.0,391.0,15
Burberry,BE1371,338.0,169.0,50
Burberry,BE1372,309.0,154.5,50
Burberry,BE2363,321.0,160.5,50
Burberry,BE2365,309.0,154.5,50
Burberry,BE2366U,279.0,139.5,50
Burberry,BE2367,296.0,207.2,30
Burberry,BE2368,293.0,146.5,50
,,,,
Burberry,BE2368F,309.0,154.5,50
Burberry,BE2369,293.0,146.5,50
Burberry,BE2370U,266.0,133.0,50
Dolce & Gabbana,DG3358,371.0,185.5,50
Persol,PO3296V,286.0,200.2,30
Persol,PO3301V,342.0,171.0,50
Persol,PO3303V,286.0,143.0,50
Versace,VE3326U,298.0,208.6,30
Versace,VE3328,286.0,200.2,30
Versace,VE3330,256.0,179.2,30
Versace,VE3331U,310.0,155.0,50
Dolce & Gabbana,DG3360,364.0,254.8,30
Burberry,BE2364,309.0,154.5,50
Dolce & Gabbana,DG5087,316.0,158.0,50
Persol,PO3309V,370.0,185.0,50
Persol,PO3312V,342.0,171.0,50
Persol,PO3315V,,363.0,
Persol,PO3318V,,348.0,
Burberry,BE2379U-Charlie,279.0,139.5,50
Versace,VE1284,310.0,155.0,50
Versace,VE1287,376.0,263.2,30
Versace,VE1289,298.0,149.0,50
Burberry,BE2378-Ellis,309.0,154.5,50
,,,,
Burberry,BE2378F-Ellis,327.0,228.9,30
Burberry,BE1376-Virginia,338.0,169.0,50
Burberry,BE2373U-Angelica,358.0,179.0,50
Versace,VE3329B,346.0,242.2,30
Burberry,BE2374,338.0,169.0,50
Burberry,BE2377-Bailey,338.0,169.0,50
Versace,VE3334,326.0,163.0,50
Versace,VE3334F,326.0,228.2,30
Versace,VE3336U,310.0,155.0,50
Versace,VE3337,354.0,177.0,50
Versace,VE3339U,354.0,247.8,30
Dolce & Gabbana,DG5099,232.0,162.4,30
Dolce & Gabbana,DG3372,316.0,221.2,30
Dolce & Gabbana,DG3374,316.0,158.0,50
Dolce & Gabbana,DG3368,343.0,171.5,50
Dolce & Gabbana,DG3369,371.0,185.5,50
Dolce & Gabbana,DG5101,288.0,201.6,30
Versace,VE3335,326.0,163.0,50
Versace,VE3338,354.0,177.0,50
Versace,VE3340U,346.0,242.2,30
Burberry,BE 1375,327.0,228.9,30
Burberry,BE 2375,279.0,139.5,50
